[
  {
    "name":"Electronics",
    "uid":"UID001",
    "displayOrder":1,
    "imgUrl": "https://rukminim1.flixcart.com/fk-p-flap/64/64/image/0dac5f7442d7fd5f.png?q=100",
    "description":"This category includes a wide range of electronic devices and accessories such as smartphones, laptops, cameras, headphones, and other gadgets"
  },
  {
    "name":"Fashion",
    "uid":"UID002",
    "displayOrder":2,
    "imgUrl": "https://rukminim1.flixcart.com/fk-p-flap/64/64/image/eb336e40e5a1b6ec.png?q=100",
    "description":"This category encompasses all types of clothing items, including shirts, dresses, pants, shoes, accessories, and more, catering to various styles and preferences"
  },
  {
    "name":"Home & Furniture",
    "uid":"UID003",
    "displayOrder":3,
    "imgUrl": "https://rukminim1.flixcart.com/fk-p-flap/64/64/image/d47b98754854d054.png?q=100",
    "description":"This category features products for home improvement, decoration, and furnishing, including items like sofas, beds, tables, kitchenware, and decor pieces"
  },
  {
    "name":"Beauty & Care",
    "uid":"UID004",
    "displayOrder":4,
    "imgUrl": "https://rukminim1.flixcart.com/fk-p-flap/64/64/image/f4f8f26cdeb86ce4.png?q=100",
    "description":" Products in this category focus on cosmetics, skincare, haircare, fragrances, grooming tools, and other items related to personal hygiene and appearance"
  },
  {
    "name":"Books",
    "uid":"UID005",
    "displayOrder":5,
    "imgUrl": "https://rukminim1.flixcart.com/fk-p-flap/64/64/image/4f84f7cf33100b5d.png?q=100",
    "description":"This category offers a wide selection of books, e-books"
  },
  {
    "name":"Toys",
    "uid":"UID006",
    "displayOrder":6,
    "imgUrl": "https://rukminim1.flixcart.com/fk-p-flap/64/64/image/436cd6fc952ae1cb.png?q=100",
    "description":"This category offers a wide selection of toys"
  }
]
