[
  {
    "price": 17999.99,
    "stock": 50,
    "sku": 101,
    "name": "AMSUNG Galaxy A54 5G (Awesome Violet, 256 GB)  (8 GB RAM)",
    "description": "SAMSUNG Galaxy A54 5G (Awesome Violet, 256 GB)  (8 GB RAM),You can experience the beauty of capturing mesmerising images with the multiple cameras featured on this Samsung Galaxy A54 5G smartphone. It has a 32 MP front camera for stunning selfies. The rear cameras include a 12 MP Ultra Wide Camera, 50 MP Main Camera, and a 5 MP Macro Camera so that you can capture life-like images.",
    "imgUrl": "https://rukminim2.flixcart.com/image/416/416/xif0q/mobile/t/h/6/-original-imagnrhk2jpnnajr.jpeg?q=70",
    "rating": 4,
    "categoryUID": "UID001",
    "keyFeatures": "<ul><li >8 GB RAM | 128 GB ROM</li><li >16.26 cm (6.4 inch) Full HD+ Display</li><li >12MP + 12MP + 8MP (OIS) | 32MP Front Camera</li><li >4500 mAh Lithium-ion Battery</li><li >Snapdragon 888 Processor</li><li>1 Year Manufacturer Warranty for Device and 6 Months Manufacturer Warranty for In-Box Accessories</li></ul>",
    "eoProductImgArray": [
      {
        
        "imgUrl": "https://rukminim2.flixcart.com/image/416/416/xif0q/mobile/t/h/6/-original-imagnrhk2jpnnajr.jpeg?q=70"
      },
      {
       
        "imgUrl": "https://rukminim2.flixcart.com/image/416/416/xif0q/mobile/6/k/e/galaxy-a54-5g-sm-a546elvdins-samsung-original-imagnqhjcdhmstgx.jpeg?q=70"
      },
      {
        
        "imgUrl": "https://rukminim2.flixcart.com/image/416/416/xif0q/mobile/l/g/o/-original-imagq6bgn7azkete.jpeg?q=70"
      }
    ]
  },
  {
    "price": 64999,
    "stock": 50,
    "sku": 102,
    "name": "APPLE iPhone 14 (Blue, 128 GB)",
    "description": "Stay productive and improve your performance with the Super Retina XDR display that is comfortable for the eyes. Powered with a 12 MP main camera, enjoy taking pictures with friends and family. With a built-in rechargeable lithium-ion battery and equipped with the MagSafe wireless charging, you can charge your phone quickly up to 50 % in just half an hour by using a 20 W adapter. This phone is loaded with a horde of exciting features such as Siri, face ID, barometer, ambient light sensors etc., and is also resistant to dust and water as it is IP68 rated. ",
    "imgUrl": "https://rukminim2.flixcart.com/image/416/416/xif0q/mobile/3/5/l/-original-imaghx9qmgqsk9s4.jpeg?q=70",
    "rating": 4.5,
    "categoryUID": "UID001",
    "keyFeatures": "<ul><li >128 GB ROM</li><li >15.49 cm (6.1 inch) Super Retina XDR Display</li><li >12MP + 12MP | 12MP Front Camera</li><li >A15 Bionic Chip, 6 Core Processor Processor</li></ul>",
    "eoProductImgArray": [
      {

        "imgUrl": "https://rukminim2.flixcart.com/image/416/416/xif0q/mobile/3/5/l/-original-imaghx9qmgqsk9s4.jpeg?q=70"
      },
      {

        "imgUrl": "https://rukminim2.flixcart.com/image/416/416/xif0q/mobile/n/b/z/-original-imaghxcpwuhbghgh.jpeg?q=70"
      },
      {

        "imgUrl": "https://rukminim2.flixcart.com/image/416/416/xif0q/mobile/1/d/y/-original-imaghxcpvtta2hzs.jpeg?q=70"
      },
      {

        "imgUrl": "https://rukminim2.flixcart.com/image/416/416/xif0q/mobile/q/b/i/-original-imaghxcptg5mdycw.jpeg?q=70"
      }
    ]
  },
  {
    "price": 19999,
    "stock": 50,
    "sku": 103,
    "name": "OnePlus Nord CE 2 Lite 5G (Blue Tide, 128 GB)  (6 GB RAM)",
    "description": "Operating System: OxygenOS based on Android™ 12 CPU: Qualcomm® Snapdragon™ 695 5G GPU: Adreno 619 RAM: 6GB/8GB LPDDR4X Storage: 128GB UFS2.2 Battery: 5000mAh (non-removable) 33W SUPERVOOC,enjoy taking pictures with friends and family. With a built-in rechargeable lithium-ion battery and equipped with the MagSafe wireless charging, you can charge your phone quickly up to 50 % in just half an hour by using a 20 W adapter. This phone is loaded with a horde of exciting features such as Siri, face ID, barometer, ambient light sensors etc., and is also resistant to dust and water as it is IP68 rated. ",
    "imgUrl": "https://rukminim2.flixcart.com/image/416/416/xif0q/mobile/k/w/k/-original-imagg2abzhxjckxu.jpeg?q=70",
    "rating": 4.1,
    "categoryUID": "UID001",
    "keyFeatures": "<ul><li >6 GB RAM | 128 GB ROM</li><li >16.74 cm (6.59 inch) Display</li><li >64MP Rear Camera | 16MP Front Camera</li><li >5000 mAh Battery</li></ul>",
    "eoProductImgArray": [
      {

        "imgUrl": "https://rukminim2.flixcart.com/image/416/416/xif0q/mobile/k/w/k/-original-imagg2abzhxjckxu.jpeg?q=70"
      },
      {

        "imgUrl": "https://rukminim2.flixcart.com/image/416/416/xif0q/mobile/k/c/f/-original-imagg2abpjwyyvqg.jpeg?q=70"
      },
      {

        "imgUrl": "https://rukminim2.flixcart.com/image/416/416/xif0q/mobile/v/4/9/-original-imagg2abgspv4shz.jpeg?q=70"
      },
      {

        "imgUrl": "https://rukminim2.flixcart.com/image/416/416/xif0q/mobile/c/i/e/-original-imagm27ghg9hz8zw.jpeg?q=70"
      }
    ]
  },
  {
    "price": 55560,
    "stock": 50,
    "sku": 104,
    "name": "DELL Inspiron Core i5 11th Gen 1135G7 - (16 GB/512 GB SSD/Windows 11 Home) INSPIRON 3511 Thin and Light Laptop  (15.6 Inch, Platinum Silver, 1.8 Kgs, With MS Office)",
    "description": "DELL Inspiron Core i5 11th Gen 1135G7 - (16 GB/512 GB SSD/Windows 11 Home) INSPIRON 3511 Thin and Light Laptop  (15.6 Inch, Platinum Silver, 1.8 Kgs, With MS Office) ",
    "imgUrl": "https://rukminim2.flixcart.com/image/416/416/krdtlzk0/computer/l/k/r/na-laptop-dell-original-imag57f9psmfjcxs.jpeg?q=70",
    "rating": 3.9,
    "categoryUID": "UID001",
    "keyFeatures": "<table ><tbody><tr ><td >Processor Brand</td><td ><ul><li >Intel</li></ul></td></tr><tr ><td >Processor Name</td><td ><ul><li >Core i5</li></ul></td></tr><tr ><td >Processor Generation</td><td ><ul><li >11th Gen</li></ul></td></tr><tr ><td >SSD</td><td ><ul><li >Yes</li></ul></td></tr><tr ><td >SSD Capacity</td><td ><ul><li >512 GB</li></ul></td></tr><tr ><td >RAM</td><td ><ul><li >16 GB</li></ul></td></tr><tr ><td >RAM Type</td><td ><ul><li >DDR4</li></ul></td></tr><tr ><td >Processor Variant</td><td ><ul><li >1135G7</li></ul></td></tr><tr ><td >Clock Speed</td><td ><ul><li >4.2</li></ul></td></tr><tr ><td >Memory Slots</td><td ><ul><li >2</li></ul></td></tr><tr ><td >Expandable Memory</td><td ><ul><li >16</li></ul></td></tr><tr ><td >RAM Frequency</td><td ><ul><li >2666 MHz</li></ul></td></tr><tr ><td >Cache</td><td ><ul><li >8</li></ul></td></tr><tr ><td >Graphic Processor</td><td ><ul><li >Intel Integrated UHD Graphics</li></ul></td></tr><tr ><td >Number of Cores</td><td ><ul><li >4</li></ul></td></tr></tbody></table>",
    "eoProductImgArray": [
      {

        "imgUrl": "https://rukminim2.flixcart.com/image/416/416/krdtlzk0/computer/l/k/r/na-laptop-dell-original-imag57f9psmfjcxs.jpeg?q=70"
      },
      {

        "imgUrl": "https://rukminim2.flixcart.com/image/416/416/krdtlzk0/computer/l/0/h/na-laptop-dell-original-imag57f9ytg2x5bz.jpeg?q=70"
      },
      {

        "imgUrl": "https://rukminim2.flixcart.com/image/416/416/krdtlzk0/computer/y/4/e/na-laptop-dell-original-imag57f9vrbqz8ef.jpeg?q=70"
      },
      {

        "imgUrl": "https://rukminim2.flixcart.com/image/416/416/krdtlzk0/computer/d/q/k/na-laptop-dell-original-imag57f9zzqjsjg4.jpeg?q=70"
      }
    ]
  },
  {
    "price": 78599,
    "stock": 50,
    "sku": 105,
    "name": "Infinix ZEROBOOK 13 Intel Core i9 13th Gen 13900H - (32 GB/1 TB SSD/Windows 11 Home) ZL513 Thin and Light Laptop  (15.6 inch, Grey With Meteorite Phase Design, 1.80 Kg, With MS Office)",
    "description": "The 13th Gen ZERO BOOK Series laptop is a perfect companion for professionals and creatives who require powerful performance and exceptional functionality. With its 13th Gen Intel Core i9-13900H processor, 96EU Iris Xe Graphics, high-speed RAM, ample storage, and versatile connectivity options, this laptop is capable of handling demanding tasks with ease. Its sleek and portable design, stunning display, advanced camera features, crystal-clear audio, fast internet connectivity, and efficient cooling system make it a standout choice for those seeking a reliable and high-performing laptop. ",
    "imgUrl": "https://rukminim2.flixcart.com/image/416/416/xif0q/computer/7/d/i/zl12-business-laptop-infinix-original-imagm83gc6xr8sau.jpeg?q=70",
    "rating": 3.9,
    "categoryUID": "UID001",
    "keyFeatures": "<table ><tbody><tr ><td >Processor Brand</td><td ><ul><li >Intel</li></ul></td></tr><tr ><td >Processor Name</td><td ><ul><li >Core i9</li></ul></td></tr><tr ><td >Processor Generation</td><td ><ul><li >13th Gen</li></ul></td></tr><tr ><td >SSD</td><td ><ul><li >Yes</li></ul></td></tr><tr ><td >SSD Capacity</td><td ><ul><li >1 TB</li></ul></td></tr><tr ><td >RAM</td><td ><ul><li >32 GB</li></ul></td></tr><tr ><td >RAM Type</td><td ><ul><li >LPDDR5X</li></ul></td></tr><tr ><td >Processor Variant</td><td ><ul><li >13900H</li></ul></td></tr><tr ><td >Clock Speed</td><td ><ul><li >Max Turbo Frequency up to 5.4 GHz</li></ul></td></tr><tr ><td >Graphic Processor</td><td ><ul><li >Intel Integrated 96EU Iris Xe</li></ul></td></tr></tbody></table>",
    "eoProductImgArray": [
      {

        "imgUrl": "https://rukminim2.flixcart.com/image/416/416/xif0q/computer/7/d/i/zl12-business-laptop-infinix-original-imagm83gc6xr8sau.jpeg?q=70"
      },
      {

        "imgUrl": "https://rukminim2.flixcart.com/image/416/416/xif0q/computer/5/u/2/zl12-business-laptop-infinix-original-imagm83gfyzvzkdx.jpeg?q=70"
      },
      {

        "imgUrl": "https://rukminim2.flixcart.com/image/416/416/xif0q/computer/x/p/3/zl12-business-laptop-infinix-original-imagm83gn5d6afua.jpeg?q=70"
      },
      {

        "imgUrl": "https://rukminim2.flixcart.com/image/416/416/xif0q/computer/s/s/b/zl513-thin-and-light-laptop-infinix-original-imagr6yfxznvtfdm.jpeg?q=70"
      }
    ]
  },
  {
    "price": 4500,
    "stock": 50,
    "sku": 106,
    "name": "NIKE Fly.By Mid 3 Basketball Basketball Shoes For Men  (Black)",
    "description": "Basketball Basketball Shoes For Men  (Black) - NIKE Fly.By Mid 3",
    "imgUrl": "https://rukminim2.flixcart.com/image/832/832/xif0q/shoe/e/g/d/12-dd9311-003-12-nike-black-original-imagsyfvubp2gbsd.jpeg?q=70",
    "rating": 4.9,
    "categoryUID": "UID002",
    "keyFeatures": "<ul>  <li><span > Sole: Rubber  </span></li>  <li ><span > Closure: Pull On  </span></li>  <li ><span > Shoe Width: Medium  </span></li>  <li ><span > NIKE PRECISION VI-PHANTM/LTIROR-DD9535-004-8UK  </span></li>  </ul>",
    "eoProductImgArray": [
      {

        "imgUrl": "https://rukminim2.flixcart.com/image/832/832/xif0q/shoe/e/g/d/12-dd9311-003-12-nike-black-original-imagsyfvubp2gbsd.jpeg?q=70"
      },
      {

        "imgUrl": "https://rukminim2.flixcart.com/image/832/832/xif0q/shoe/y/e/h/12-dd9311-003-12-nike-black-original-imagsyfv7hkrzfuu.jpeg?q=70"
      },
      {

        "imgUrl": "https://rukminim2.flixcart.com/image/832/832/xif0q/shoe/t/l/u/-original-imagpgpe4czukwbf.jpeg?q=70"
      },
      {

        "imgUrl": "https://rukminim2.flixcart.com/image/832/832/xif0q/shoe/m/r/q/12-dd9311-003-12-nike-black-original-imagsyfvgtregzpg.jpeg?q=70"
      }
    ]
  },
  {
    "price": 3899,
    "stock": 50,
    "sku": 107,
    "name": "New Balance 880 Running Shoes For Men  (Grey)",
    "description": "New Balance 880 Running Shoes For Men  (Grey)",
    "imgUrl": "https://rukminim2.flixcart.com/image/832/832/xif0q/shoe/6/p/u/-original-imagn9uhtscprnmx.jpeg?q=70",
    "rating": 4.9,
    "categoryUID": "UID002",
    "keyFeatures": "<ul>  <li ><span > Sole: Rubber  </span></li>  <li ><span > Closure: Lace-Up  </span></li>  <li ><span > Fit Type: Regular  </span></li>  <li ><span > Shoe Width: Medium  </span></li>  <li ><span > A unique and versatile New Balance Running shoe designed for your ever style  </span></li>  <li ><span > It offers endless style features for your busy schedule keeping in mind the fitness factor  </span></li>  <li ><span > Model Name: 490i  </span></li>  <li ><span > New Balance Running Shoes  </span></li>  </ul>",
    "eoProductImgArray": [
      {

        "imgUrl": "https://rukminim2.flixcart.com/image/832/832/xif0q/shoe/6/p/u/-original-imagn9uhtscprnmx.jpeg?q=70"
      },
      {

        "imgUrl": "https://rukminim2.flixcart.com/image/832/832/xif0q/shoe/d/s/u/-original-imagn9uhqxz4z2ac.jpeg?q=70"
      },
      {

        "imgUrl": "https://rukminim2.flixcart.com/image/832/832/xif0q/shoe/p/y/i/-original-imagn9uhmhgbmhz5.jpeg?q=70"
      },
      {

        "imgUrl": "https://rukminim2.flixcart.com/image/832/832/xif0q/shoe/q/l/p/-original-imagn9uheghg2xua.jpeg?q=70"
      }
    ]
  },
  {
    "price": 3899,
    "stock": 50,
    "sku": 108,
    "name": "MADAME Casual Cap Sleeves Solid Women Purple Top",
    "description": "Meet the MADAME Purple Cap Sleeves Top - your new go-to for easy, stylish dressing. With a flattering fit and a gorgeous shade of purple, it's perfect for any occasion, whether you're keeping it casual or dressing up. The fabric is soft and comfy, so you'll feel great wearing it all day. Elevate your everyday look with this must-have top",
    "imgUrl": "https://rukminim2.flixcart.com/image/832/832/xif0q/top/b/r/u/m-1-m3s18704-mauve-madame-original-imagsjxr926anvac.jpeg?q=70",
    "rating": 4.9,
    "categoryUID": "UID002",
    "keyFeatures": "<ul>    <li>Cap sleeves for a stylish touch</li>    <li>Vibrant and elegant purple color</li>    <li>Versatile design for casual and dressier occasions</li>    <li>Comfortable and soft fabric for all-day wear</li>    <li>Flattering fit that complements any body type</li>  </ul>",
    "eoProductImgArray": [
      {

        "imgUrl": "https://rukminim2.flixcart.com/image/832/832/xif0q/top/b/r/u/m-1-m3s18704-mauve-madame-original-imagsjxr926anvac.jpeg?q=70"
      },
      {

        "imgUrl": "https://rukminim2.flixcart.com/image/832/832/xif0q/top/6/b/e/m-1-m3s18704-mauve-madame-original-imagsjxrfgdxdhyt.jpeg?q=70"
      },
      {

        "imgUrl": "https://rukminim2.flixcart.com/image/832/832/xif0q/shoe/p/y/i/-original-imagn9uhmhgbmhz5.jpeg?q=70"
      },
      {

        "imgUrl": "https://rukminim2.flixcart.com/image/832/832/xif0q/top/g/f/j/m-1-m3s18704-pink-madame-original-imagsjxtmyhhhqex.jpeg?q=70"
      }
    ]
  },
  {
    "price": 1788,
    "stock": 50,
    "sku": 109,
    "name": "ADIDAS Men Printed Round Neck Polyester Blue T-Shirt",
    "description": "a dynamic blend of style and performance. With its vibrant blue hue and sporty print, it's perfect for both workouts and casual wear. The breathable polyester fabric ensures comfort and durability. The classic round neck and tailored fit add a modern touch. Elevate your active wardrobe with this ADIDAS essential!",
    "imgUrl": "https://rukminim2.flixcart.com/image/832/832/xif0q/t-shirt/q/r/v/-original-imagsbygzuybfxfc.jpeg?q=70",
    "rating": 4.9,
    "categoryUID": "UID002",
    "keyFeatures": "<ul>  <li>Dynamic blend of style and performance</li>  <li>Vibrant blue hue with sporty print</li>  <li>Breathable and durable polyester fabric</li>  <li>Classic round neck for a comfortable fit</li>  <li>Modern tailored silhouette</li></ul>",
    "eoProductImgArray": [
      {

        "imgUrl": "https://rukminim2.flixcart.com/image/832/832/xif0q/t-shirt/q/r/v/-original-imagsbygzuybfxfc.jpeg?q=70"
      },
      {

        "imgUrl": "https://rukminim2.flixcart.com/image/832/832/xif0q/t-shirt/k/6/c/-original-imagsbygmjrzqfrb.jpeg?q=70"
      },
      {

        "imgUrl": "https://rukminim2.flixcart.com/image/832/832/xif0q/t-shirt/y/s/u/-original-imagsbygqhhs4gsj.jpeg?q=70"
      },
      {

        "imgUrl": "https://rukminim2.flixcart.com/image/832/832/xif0q/t-shirt/j/n/h/-original-imagsbyg9xjemyzk.jpeg?q=70"
      }
    ]
  },
  {
    "price": 1875,
    "stock": 50,
    "sku": 110,
    "name": "Stylefabs Women Shift Light Blue Dress",
    "description": "The Stylefabs Women's Light Blue Shift Dress is a versatile and elegant addition to your wardrobe. Its clean lines and soothing blue hue make it perfect for any occasion. Crafted with high-quality fabric for a flattering fit, it is a timeless piece that exudes confidence and comfort. Elevate your style with this classic dress today!",
    "imgUrl": "https://rukminim2.flixcart.com/image/832/832/xif0q/dress/y/n/i/m-drs-2047-stylefabs-original-imagtg46h2dnsh6m.jpeg?q=70",
    "rating": 4.9,
    "categoryUID": "UID002",
    "keyFeatures": "<ul>  <li>Timeless shift dress design</li>  <li>Elegant light blue color</li>  <li>Versatile for various occasions</li>  <li>Flattering fit for all body types</li>  <li>High-quality, comfortable fabric</li></ul>",
    "eoProductImgArray": [
      {

        "imgUrl": "https://rukminim2.flixcart.com/image/832/832/xif0q/dress/y/n/i/m-drs-2047-stylefabs-original-imagtg46h2dnsh6m.jpeg?q=70"
      },
      {

        "imgUrl": "https://rukminim2.flixcart.com/image/832/832/xif0q/dress/q/x/c/m-drs-2047-stylefabs-original-imagtg46hasgzndh.jpeg?q=70"
      },
      {

        "imgUrl": "https://rukminim2.flixcart.com/image/832/832/xif0q/dress/1/u/b/m-drs-2047-stylefabs-original-imagtg46v97tycye.jpeg?q=70"
      },
      {

        "imgUrl": "https://rukminim2.flixcart.com/image/832/832/xif0q/dress/q/x/c/m-drs-2047-stylefabs-original-imagtg46hasgzndh.jpeg?q=70"
      }
    ]
  },
  {
    "price": 1875,
    "stock": 50,
    "sku": 111,
    "name": "Stylefabs Women Shift Light Blue Dress",
    "description": "The Stylefabs Women's Light Blue Shift Dress is a versatile and elegant addition to your wardrobe. Its clean lines and soothing blue hue make it perfect for any occasion. Crafted with high-quality fabric for a flattering fit, it is a timeless piece that exudes confidence and comfort. Elevate your style with this classic dress today!",
    "imgUrl": "https://rukminim2.flixcart.com/image/832/832/xif0q/dress/y/n/i/m-drs-2047-stylefabs-original-imagtg46h2dnsh6m.jpeg?q=70",
    "rating": 4.9,
    "categoryUID": "UID002",
    "keyFeatures": "<ul>  <li>Timeless shift dress design</li>  <li>Elegant light blue color</li>  <li>Versatile for various occasions</li>  <li>Flattering fit for all body types</li>  <li>High-quality, comfortable fabric</li></ul>",
    "eoProductImgArray": [
      {

        "imgUrl": "https://rukminim2.flixcart.com/image/832/832/xif0q/dress/y/n/i/m-drs-2047-stylefabs-original-imagtg46h2dnsh6m.jpeg?q=70"
      },
      {

        "imgUrl": "https://rukminim2.flixcart.com/image/832/832/xif0q/dress/q/x/c/m-drs-2047-stylefabs-original-imagtg46hasgzndh.jpeg?q=70"
      },
      {

        "imgUrl": "https://rukminim2.flixcart.com/image/832/832/xif0q/dress/1/u/b/m-drs-2047-stylefabs-original-imagtg46v97tycye.jpeg?q=70"
      },
      {

        "imgUrl": "https://rukminim2.flixcart.com/image/832/832/xif0q/dress/q/x/c/m-drs-2047-stylefabs-original-imagtg46hasgzndh.jpeg?q=70"
      }
    ]
  },
  {
    "price": 15899,
    "stock": 50,
    "sku": 112,
    "name": "Perfect Homes Waltz Engineered Wood King Box Bed  (Finish Color - American Espresso, Delivery Condition - Knock Down)",
    "description": "Introducing the Perfect Homes Waltz Engineered Wood King Box Bed in a rich American Espresso finish. This bed combines elegance with functionality, providing a stylish focal point for your bedroom. The knock-down delivery condition ensures easy assembly without compromising on sturdiness. Crafted with precision from durable engineered wood, it offers both aesthetic appeal and longevity. Upgrade your bedroom with the Perfect Homes Waltz Bed, where sophistication meets convenience",
    "imgUrl": "https://rukminim2.flixcart.com/image/416/416/xif0q/bed/j/y/5/-original-imagpprf9wppvhuy.jpeg?q=70",
    "rating": 4.4,
    "categoryUID": "UID003",
    "keyFeatures": "<ul>  <li>King-sized bed for spacious comfort</li>  <li>Engineered wood construction for durability</li>  <li>American Espresso finish adds a touch of elegance</li>  <li>Knock-down delivery for easy assembly</li>  <li>Combines style with functional design</li></ul>",
    "eoProductImgArray": [
      {

        "imgUrl": "https://rukminim2.flixcart.com/image/416/416/xif0q/bed/j/y/5/-original-imagpprf9wppvhuy.jpeg?q=70"
      },
      {

        "imgUrl": "https://rukminim2.flixcart.com/image/416/416/xif0q/bed/f/0/n/-original-imagu28yf2wtsxzz.jpeg?q=70"
      },
      {

        "imgUrl": "https://rukminim2.flixcart.com/image/416/416/xif0q/bed/j/v/w/king-2179-na-no-192-5-particle-board-yes-66-fk8019-flipkart-original-imaghsb7acazqeyu.jpeg?q=70"
      },
      {

        "imgUrl": "https://rukminim2.flixcart.com/image/416/416/xif0q/bed/u/o/m/king-2179-na-no-192-5-particle-board-yes-66-fk8019-flipkart-original-imaghsb7tszquqyc.jpeg?q=70"
      }
    ]
  },
  {
    "price": 19855,
    "stock": 50,
    "sku": 113,
    "name": "Perfect Homes Webster Engineered Wood TV Entertainment Unit  (Finish Color - Chocolate Wenge, DIY(Do-It-Yourself))",
    "description": "This unit seamlessly combines style and functionality, providing a sleek platform for your entertainment essentials. With a DIY assembly approach, it's easy to put together without compromising on stability. Crafted from durable engineered wood, it offers both aesthetic appeal and longevity. Elevate your living space with the Perfect Homes Webster TV Entertainment Unit,",
    "imgUrl": "https://rukminim2.flixcart.com/image/416/416/xif0q/tv-entertainment-unit/0/8/y/-original-imagrtbhz4heeyyh.jpeg?q=70",
    "rating": 4.1,
    "categoryUID": "UID003",
    "keyFeatures": "<ul>  <li>Engineered wood construction for durability</li>  <li>Rich Chocolate Wenge finish for a modern look</li>  <li>Designed for DIY assembly</li>  <li>Provides a sleek platform for entertainment essentials</li>  <li>Combines style with functional design</li></ul>",
    "eoProductImgArray": [
      {

        "imgUrl": "https://rukminim2.flixcart.com/image/416/416/xif0q/tv-entertainment-unit/0/8/y/-original-imagrtbhz4heeyyh.jpeg?q=70"
      },
      {

        "imgUrl": "https://rukminim2.flixcart.com/image/416/416/xif0q/tv-entertainment-unit/n/z/t/39-200-particle-board-95-etvfwwen0063p-flipkart-perfect-homes-original-imaghjqksfanhrvb.jpeg?q=70"
      },
      {

        "imgUrl": "https://rukminim2.flixcart.com/image/416/416/xif0q/tv-entertainment-unit/b/e/2/-original-imagp8tqrvhztnad.jpeg?q=70"
      },
      {

        "imgUrl": "https://rukminim2.flixcart.com/image/416/416/xif0q/tv-entertainment-unit/0/8/y/-original-imagrtbhz4heeyyh.jpeg?q=70"
      }
    ]
  },
  {
    "price": 1425,
    "stock": 50,
    "sku": 114,
    "name": "Dherik Tradworld Professional Pro Perfect Ladies Curly Hair Machine Curl Secret Hair Curler Roller with Revolutionary Automatic Curling Technology for Women Girls Hair Curler  (Black)",
    "description": "The Dherik Tradworld Pro Perfect Ladies Hair Curler in sleek black offers revolutionary automatic curling technology for effortlessly stunning curls. Achieve professional results with ease and safety. Elevate your styling routine with this innovative beauty tool.",
    "imgUrl": "https://rukminim2.flixcart.com/image/416/416/xif0q/hair-brush/d/a/7/hair-dryer-irons-with-brushes-kit-for-blow-drying-volumizing-original-imagqdqgabztccy2.jpeg?q=70",
    "rating": 4.8,
    "categoryUID": "UID004",
    "keyFeatures": "<ul>  <li>Revolutionary automatic curling technology</li>  <li>Effortlessly creates stunning curls</li>  <li>Suitable for women and girls</li>  <li>Safe and precise curling</li>  <li>Sleek black design for a touch of elegance</li></ul>",
    "eoProductImgArray": [
      {

        "imgUrl": "https://rukminim2.flixcart.com/image/416/416/ktketu80/hair-curler/y/9/c/professional-pro-perfect-ladies-curly-hair-machine-curl-secret-original-imag6w2fh8jpmpzk.jpeg?q=70"
      },
      {

        "imgUrl": "https://rukminim2.flixcart.com/image/416/416/ki4w0i80-0/hair-curler/l/d/2/professional-pro-perfect-ladies-curly-hair-machine-curl-secret-original-imafxzhcfz5z4zmb.jpeg?q=70"
      },
      {

        "imgUrl": "https://rukminim2.flixcart.com/image/416/416/xif0q/hair-brush/d/a/7/hair-dryer-irons-with-brushes-kit-for-blow-drying-volumizing-original-imagqdqgabztccy2.jpeg?q=70"
      },
      {

        "imgUrl": "https://rukminim2.flixcart.com/image/416/416/xif0q/hair-brush/e/s/j/hair-dryer-irons-with-brushes-kit-for-blow-drying-volumizing-original-imagqdqghqpzyzfe.jpeg?q=70"
      }
    ]
  },
  {
    "price": 1200,
    "stock": 50,
    "sku": 115,
    "name": "Dr Batra's Hair Care Kit Stronger,Shinier & Healthier Hair - 725 ml ",
    "description": "Dr Batras range of hair care products are carefully formulated with gentle ingredients to provide stronger, shinier, and healthier hair. Dr Batra�s Hair Kit includes hair oil, shampoo, conditioner and hair vitalizing serum. This 4-in-1 hair care kit is crafted to give you the perfect daily hair care regime. It helps to strengthen the hair follicles, restore scalp health and improve hairs texture while leaving hair nourished from root to tip. Elevate your daily hair care ritual with this easy to follow 4-in-1 hair care kit.",
    "imgUrl": "https://rukminim2.flixcart.com/image/416/416/xif0q/combo-kit/y/a/k/hair-care-kit-stronger-shinier-healthier-hair-725-ml-1-original-imagmzww7tzuanjy.jpeg?q=70",
    "rating": 3.8,
    "categoryUID": "UID004",
    "keyFeatures": "<ul>  <li>Comprehensive kit for stronger, shinier, and healthier hair</li>  <li>Includes essentials for optimal hair growth and vitality</li>  <li>Expertly curated by Dr. Batra's for effective results</li>  <li>Contains high-quality products for improved hair health</li>  <li>Kit size: 725 ml</li></ul>",
    "eoProductImgArray": [
      {

        "imgUrl": "https://rukminim2.flixcart.com/image/416/416/xif0q/combo-kit/y/a/k/hair-care-kit-stronger-shinier-healthier-hair-725-ml-1-original-imagmzww7tzuanjy.jpeg?q=70"
      },
      {

        "imgUrl": "https://rukminim2.flixcart.com/image/416/416/xif0q/combo-kit/d/2/o/hair-care-kit-stronger-shinier-healthier-hair-725-ml-1-original-imagmzwwufjq8hms.jpeg?q=70"
      },
      {

        "imgUrl": "https://rukminim2.flixcart.com/image/416/416/xif0q/combo-kit/6/0/v/hair-care-kit-stronger-shinier-healthier-hair-725-ml-1-original-imagnczthdjyyudm.jpeg?q=70"
      },
      {

        "imgUrl": "https://rukminim2.flixcart.com/image/416/416/xif0q/combo-kit/o/z/e/hair-care-kit-stronger-shinier-healthier-hair-725-ml-1-original-imagmzwwkwmvmfyj.jpeg?q=70"
      }
    ]
  },
  {
    "price": 980,
    "stock": 50,
    "sku": 116,
    "name": "A Court of Silver Flames  (English, Paperback, Maas Sarah J.) ",
    "description": "The war is finally over, and Feyre's sister Nesta shines in this stunning, sexy new book in the Court of Thorns and Roses series by global #1 bestselling author Sarah J. Maas",
    "imgUrl": "https://rukminim2.flixcart.com/image/416/416/xif0q/book/r/d/7/-original-imagqtdta8bhbzfk.jpeg?q=70",
    "rating": 4.1,
    "categoryUID": "UID005",
    "keyFeatures": "<ul>  <li>Fantasy novel set in a captivating world</li>  <li>Engaging storyline with elements of magic and romance</li>  <li>Written by the acclaimed author Sarah J. Maas</li>  <li>Available in English</li>  <li>Format: Paperback</li></ul>",
    "eoProductImgArray": [
      {

        "imgUrl": "https://rukminim2.flixcart.com/image/416/416/xif0q/book/r/d/7/-original-imagqtdta8bhbzfk.jpeg?q=70"
      },
      {

        "imgUrl": "https://rukminim2.flixcart.com/image/416/416/xif0q/book/r/d/7/-original-imagqtdta8bhbzfk.jpeg?q=70"
      },
      {

        "imgUrl": "https://rukminim2.flixcart.com/image/416/416/xif0q/book/r/d/7/-original-imagqtdta8bhbzfk.jpeg?q=70"
      },
      {

        "imgUrl": "https://rukminim2.flixcart.com/image/416/416/xif0q/book/r/d/7/-original-imagqtdta8bhbzfk.jpeg?q=70"
      }
    ]
  },
  {
    "price": 480,
    "stock": 50,
    "sku": 117,
    "name": "How to Win Friends and Influence People  (English, Paperback, Carnegie Dale) ",
    "description": "Do you feel stuck in life, not knowing how to make it more successful? Do you wish to become more popular? Are you craving to earn more? Do you wish to expand your horizon, earn new clients and win people over with your ideas? How to Win Friends and Influence People is a wellresearched and comprehensive guide that will help you through these everyday problems and make success look easier. You can learn to expand your social circle, polish your skill set, find ways to put forward your thoughts more clearly, and build mental strength to counter all hurdles that you may come across on the path to success. Having helped millions of readers from the world over achieve theirgoals, the clearly listed techniques and principles will be the answers to all your questions.||About the Author: Dale Carnegie has authored close to eleven books and multiple articles on solving everyday problems and achieving success, his books have helped millions of people feel better prepared for life.",
    "imgUrl": "https://rukminim2.flixcart.com/image/416/416/ktn9pjk0/book/e/i/p/how-to-win-friends-and-influence-people-original-imag6xgczfdjcdzz.jpeg?q=70",
    "rating": 4.8,
    "categoryUID": "UID005",
    "keyFeatures": "<ul>  <li>Timeless guide to effective communication and relationships</li>  <li>Practical advice for improving social skills and influencing others</li>  <li>Written by the renowned author Dale Carnegie</li>  <li>Available in English</li>  <li>Format: Paperback</li></ul>",
    "eoProductImgArray": [
      {

        "imgUrl": "https://rukminim2.flixcart.com/image/416/416/ktn9pjk0/book/e/i/p/how-to-win-friends-and-influence-people-original-imag6xgczfdjcdzz.jpeg?q=70"
      },
      {

        "imgUrl": "https://rukminim2.flixcart.com/image/416/416/ktn9pjk0/book/e/i/p/how-to-win-friends-and-influence-people-original-imag6xgczfdjcdzz.jpeg?q=70"
      },
      {

        "imgUrl": "https://rukminim2.flixcart.com/image/416/416/ktn9pjk0/book/e/i/p/how-to-win-friends-and-influence-people-original-imag6xgczfdjcdzz.jpeg?q=70"
      },
      {

        "imgUrl": "https://rukminim2.flixcart.com/image/416/416/ktn9pjk0/book/e/i/p/how-to-win-friends-and-influence-people-original-imag6xgczfdjcdzz.jpeg?q=70"
      }
    ]
  },
  {
    "price": 480,
    "stock": 50,
    "sku": 118,
    "name": "StarAndDaisy Glider Toddler Scooter for Kids Ages 3-12 Years Old Boy Girl with 3 Wheel LED Lights, 4 Adjustable Height and Lean-to-Steer (Yellow Blue) Kids Scooter  (Yellow&Blue) ",
    "description": "StarAndDaisy Glider Toddler Scooter for Kids Ages 3-12 Years Old Boy Girl with 3 Wheel LED Lights, 4 Adjustable Height and Lean-to-Steer (Yellow Blue) Kids Scooter  (Yellow&Blue)",
    "imgUrl": "https://rukminim2.flixcart.com/image/416/416/xif0q/scooter/p/l/p/glider-toddler-scooter-for-kids-ages-3-12-years-old-boy-girl-original-imagkzhg2xyz6g7h.jpeg?q=70",
    "rating": 4.8,
    "categoryUID": "UID006",
    "keyFeatures": "<ul>  <li>Designed for kids aged 3-12 years old</li>  <li>Equipped with 3-wheel LED lights for added visibility</li>  <li>4 adjustable height settings to accommodate growing children</li>  <li>Lean-to-steer mechanism for improved balance and control</li>  <li>Color: Yellow and Blue</li></ul>",
    "eoProductImgArray": [
      {

        "imgUrl": "https://rukminim2.flixcart.com/image/416/416/xif0q/scooter/p/l/p/glider-toddler-scooter-for-kids-ages-3-12-years-old-boy-girl-original-imagkzhg2xyz6g7h.jpeg?q=70"
      },
      {

        "imgUrl": "https://rukminim2.flixcart.com/image/416/416/kxm5qq80/scooter/g/d/y/glider-toddler-scooter-for-kids-ages-3-12-years-old-boy-girl-original-imagaf3e3fwsfgzn.jpeg?q=70"
      },
      {

        "imgUrl": "https://rukminim2.flixcart.com/image/416/416/kxm5qq80/scooter/0/9/d/glider-toddler-scooter-for-kids-ages-3-12-years-old-boy-girl-original-imagaf3eyzs4vzmj.jpeg?q=70"
      },
      {

        "imgUrl": "https://rukminim2.flixcart.com/image/416/416/xif0q/scooter/g/s/6/glider-scooter-for-kid-with-3wheel-led-light-4-adjustable-height-original-imagkkvnwubwvzfp.jpeg?q=70"
      }
    ]
  },
  {
    "price": 480,
    "stock": 50,
    "sku": 119,
    "name": "Aganta Dancing Cactus with Lights Up Talking Singing Toy Decoration Rechargeable Dancing Cactus",
    "description": "Aganta Dancing Cactus with Lights Up Talking Singing Toy Decoration Rechargeable Dancing Cactus Plush Toys Same Talking Tom Toy Funny Early Interesting Childhood Education Toys for Kids Dancing Cactus Repeat, Talking Dancing Cactus Toy, Repeat+Recording+Dance+Sing, Wriggle Dancing Cactus Repeat What You Say and Sing Electronic Cactus Toy Decor for Kids Adult Multi color  (Green, Brown",
    "imgUrl": "https://rukminim2.flixcart.com/image/416/416/kvzkosw0/musical-toy/6/u/i/dancing-cactus-repeats-what-you-say-electronic-plush-toy-with-original-imag8rg3dmyneq4y.jpeg?q=70",
    "rating": 4.8,
    "categoryUID": "UID006",
    "keyFeatures": "<ul>  <li>Lights up, talks, and sings for interactive play</li>  <li>Rechargeable for extended use and convenience</li>  <li>Provides funny and engaging early childhood education</li>  <li>Offers repeat, recording, dancing, and singing functions</li>  <li>Multicolor design in green and brown</li>  <li>Suitable for both kids and adults</li></ul>",
    "eoProductImgArray": [
      {

        "imgUrl": "https://rukminim2.flixcart.com/image/416/416/kvzkosw0/musical-toy/6/u/i/dancing-cactus-repeats-what-you-say-electronic-plush-toy-with-original-imag8rg3dmyneq4y.jpeg?q=70"
      },
      {

        "imgUrl": "https://rukminim2.flixcart.com/image/416/416/kvzkosw0/musical-toy/e/o/m/dancing-cactus-repeats-what-you-say-electronic-plush-toy-with-original-imag8rg3vhzxufpu.jpeg?q=70"
      },
      {

        "imgUrl": "https://rukminim2.flixcart.com/image/416/416/kvzkosw0/musical-toy/o/p/q/dancing-cactus-repeats-what-you-say-electronic-plush-toy-with-original-imag8rg32gk69cfk.jpeg?q=70"
      },
      {

        "imgUrl": "https://rukminim2.flixcart.com/image/416/416/kvsfhjk0/musical-toy/r/c/o/talking-cactus-baby-toys-the-cactus-repeats-what-you-say-and-original-imag8m5zeug5utvs.jpeg?q=70"
      }
    ]
  },
  {
    "price": 1200,
    "stock": 50,
    "sku": 120,
    "name": "Toys R Us Avigo 2188 WHITE battery ride on jeep Jeep Battery Operated Ride On  (White)",
    "description": "This toy car for kids battery operated jeep features a full-function remote for parents whose kids cannot yet reach the foot lever. Children car can be operated by a kid using a steering foot pedal or Electric car can be driven by a parent via a four-way remote. Car toy car jeep comes with a pre-installed 12v battery and charger. Jeep car features include independent spring suspension on all 4 wheels. This jeep has working vertical doors with gas shocks for smooth operation. Speaking of the dash there's an entire host of features starting with the switch to turn the air vents On and Off together with a switch for the working front and back led lights. Kids car dashboard includes an mp3 player, input USB input, SD card input, sounds, & all other functionalities that your kid love. Other Details: rechargeable working air vents that recirculate the air, 12v battery, working vertical doors with assisted shock, aux/ mp3 input on the dash, 2 x 12v drive motors, USB and micro SD card input, forward & reverse, 3 selectable accelerates to 5mph, bright led front and backlights 2.4ghz wireless remote, start-up sounds when start, real horn, engine sounds, volume control. working front lights & tail lights.",
    "imgUrl": "https://rukminim2.flixcart.com/image/416/416/xif0q/electric-ride-on/3/9/d/2188-toys-r-us-avigo-50-original-imagq68zpcfkyxfh.jpeg?q=70",
    "rating": 4.7,
    "categoryUID": "UID006",
    "keyFeatures": "<ul>  <li>Full-function remote control for parents' supervision</li>  <li>Option for kids to operate using a steering foot pedal</li>  <li>Can be remotely driven by parents with a four-way remote</li>   <li>Forward and reverse driving options</li>  <li>3 selectable accelerates up to 5mph for varying speeds</li>  <li>Bright LED front and backlights for visibility</li>  <li>2.4GHz wireless remote for convenient control</li> </ul>",
    "eoProductImgArray": [
      {

        "imgUrl": "https://rukminim2.flixcart.com/image/416/416/xif0q/electric-ride-on/3/9/d/2188-toys-r-us-avigo-50-original-imagq68zpcfkyxfh.jpeg?q=70"
      },
      {

        "imgUrl": "https://rukminim2.flixcart.com/image/416/416/xif0q/electric-ride-on/t/h/6/2188-toys-r-us-avigo-50-original-imagq76bnxswwwug.jpeg?q=70"
      },
      {

        "imgUrl": "https://rukminim2.flixcart.com/image/416/416/xif0q/electric-ride-on/o/j/u/sbt-merc-jeep-50-small-boy-toys-original-imagmkamhugstxef.jpeg?q=70"
      },
      {

        "imgUrl": "https://rukminim2.flixcart.com/image/416/416/xif0q/electric-ride-on/e/w/8/2188-toys-r-us-avigo-50-original-imagq54sanpbfzy9.jpeg?q=70"
      }
    ]
  },
  {
    "price": 1200,
    "stock": 50,
    "sku": 121,
    "name": "Kitchen Set for Kids Girl 42-Piece Kitchen Set, Smoky, Music,Real Water Tap",
    "description": "Come again for the sweet color kitchen set. Pleasing the children Latest Come with full kitchen utensils. Actual kitchen set with 42 pieces of equipment. - Real water tap. Is a circulating water system The strength of the water depends on the water level - there is actually smoke coming out. When adding water to the gas stove, smoke will come out. Smoke is steam Cold water vapor is not harmful. - There is a food board too. - There is music - comes with 42 kitchen utensils. - Product size 22 x 45.5 x 63 cm. Come again for the sweet color kitchen set. Pleasing the children Latest Come with full kitchen utensils. Actual kitchen set with 42 pieces of equipment. - Real water tap. Is a circulating water system The strength of the water depends on the water level - there is actually smoke coming out. When adding water to the gas stove, smoke will come out. Smoke is steam Cold water vapor is not harmful. - There is a food board too. - There is music - comes with 42 kitchen utensils. ",
    "imgUrl": "https://rukminim2.flixcart.com/image/416/416/xif0q/role-play-toy/u/6/x/kitchen-set-for-kids-girl-42-piece-kitchen-set-smoky-music-real-original-imaghyf26besaey8.jpeg?q=70",
    "rating": 4.7,
    "categoryUID": "UID006",
    "keyFeatures": "<ul>  <li>Complete kitchen set with 42 pieces of equipment</li>  <li>Real water tap with a circulating water system</li>  <li>Water strength varies with water level</li>  <li>Functional smoke feature for realistic cooking experience</li>  <li>Safe cold water vapor simulates smoke effect</li>  <li>Includes a food board for added play options</li>  <li>Features music for an interactive playtime</li>  <li>Product size: 22 x 45.5 x 63 cm</li></ul>",
    "eoProductImgArray": [
      {

        "imgUrl": "https://rukminim2.flixcart.com/image/416/416/xif0q/role-play-toy/u/6/x/kitchen-set-for-kids-girl-42-piece-kitchen-set-smoky-music-real-original-imaghyf26besaey8.jpeg?q=70"
      },
      {

        "imgUrl": "https://rukminim2.flixcart.com/image/416/416/khdqnbk0/role-play-toy/i/2/u/42-piece-kitchen-play-set-with-lights-sound-for-girls-big-size-original-imafxejfguf3xqhr.jpeg?q=70"
      },
      {

        "imgUrl": "https://rukminim2.flixcart.com/image/416/416/kuipea80/role-play-toy/o/s/l/36-pcs-battery-oprated-kitchen-set-for-kids-pretend-play-kitchen-original-imag7mrrznzkwyzk.jpeg?q=70"
      },
      {

        "imgUrl": "https://rukminim2.flixcart.com/image/416/416/kv450280/role-play-toy/j/t/b/42-pcs-battery-oprated-kitchen-set-for-kids-pretend-play-kitchen-original-imag83fxm9yr83ks.jpeg?q=70"
      }
    ]
  }
]